[
  {"ParameterKey": "AWSRegion", "ParameterValue": "us-east-1"},
  {"ParameterKey": "ProjectName", "ParameterValue": "ProyectoFestivos"},
  {"ParameterKey": "Environment", "ParameterValue": "staging"},
  {"ParameterKey": "VpcCIDR", "ParameterValue": "10.0.0.0/16"},
  {"ParameterKey": "PublicSubnet1CIDR", "ParameterValue": "10.0.1.0/24"},
  {"ParameterKey": "PublicSubnet2CIDR", "ParameterValue": "10.0.2.0/24"},
  {"ParameterKey": "PrivateSubnet1CIDR", "ParameterValue": "10.0.3.0/24"},
  {"ParameterKey": "PrivateSubnet2CIDR", "ParameterValue": "10.0.4.0/24"},
  {"ParameterKey": "Az1", "ParameterValue": "us-east-1a"},
  {"ParameterKey": "Az2", "ParameterValue": "us-east-1b"},
  {"ParameterKey": "ClusterName", "ParameterValue": "proyectofestivos-cluster"},
  {"ParameterKey": "ECRRepoBackend", "ParameterValue": "apifestivos-backend"},
  {"ParameterKey": "ECRRepoFrontend", "ParameterValue": "apifestivos-frontend"},
  {"ParameterKey": "BackendPort", "ParameterValue": "8080"},
  {"ParameterKey": "FrontendPort", "ParameterValue": "80"},
  {"ParameterKey": "DBEngine", "ParameterValue": "postgres"},
  {"ParameterKey": "DBName", "ParameterValue": "festivosdb"},
  {"ParameterKey": "DBPort", "ParameterValue": "5432"},
  {"ParameterKey": "DBUserParam", "ParameterValue": "/proyectofestivos/db_user"},
  {"ParameterKey": "DBPassParam", "ParameterValue": "/proyectofestivos/db_pass"},
  {"ParameterKey": "GitHubConnectionArn", "ParameterValue": "arn:aws:codeconnections:us-east-1:712598386003:connection/b0398d70-4a51-4d79-af56-1e0c1755b1ec"},
  {"ParameterKey": "GitHubRepository", "ParameterValue": "racso534/UdeA_Api_Festivos"},
  {"ParameterKey": "GitHubBranch", "ParameterValue": "main"},
  {"ParameterKey": "ServiceName", "ParameterValue": "apifestivos-backend"},
  {"ParameterKey": "ContainerMemory", "ParameterValue": "512"},
  {"ParameterKey": "ContainerCPU", "ParameterValue": "256"},
  {"ParameterKey": "DesiredCount", "ParameterValue": "1"},
  {"ParameterKey": "MaxCapacity", "ParameterValue": "2"},
  {"ParameterKey": "MinCapacity", "ParameterValue": "1"},
  {"ParameterKey": "AWSAccount", "ParameterValue": "712598386003"},
  {"ParameterKey": "TagImage", "ParameterValue": "latest"}  
]